<?xml version="1.0" encoding="utf-8" standalone="yes" ?>
<Window size="343,200" sizebox="4,4,6,6" caption="0,0,0,30">
    <Font name="宋体" size="8" bold="false" italic="false" />
    <Container name="ContainerUI1" bkcolor="#00C0DCC0" bordercolor="#000000FF" inset="2,2,2,2">
        <HorizontalLayout name="HorizontalLayoutUI1">
            <VerticalLayout name="cUI1">
                <VerticalLayout name="cUI2" bkimage="file=&apos;dvr.png&apos;">
                    <Container name="ContainerUI6" />
                    <Label name="lbldev" text="无设备" textcolor="#00FF0000" disabledtextcolor="#FFA7A6AA" align="center" />
                    <Container name="ContainerUI7" />
                </VerticalLayout>
            </VerticalLayout>
            <VerticalLayout name="vlUI2" padding="10,20,10,10">
                <HorizontalLayout name="HorizontalLayoutUI2">
                    <Label name="lblid" text="ID" pos="0,0,40,0" width="40" textcolor="#00800000" disabledtextcolor="#FFA7A6AA" />
                    <Label name="id" text="012345" textcolor="#FF000000" disabledtextcolor="#FFA7A6AA" />
                </HorizontalLayout>
                <HorizontalLayout name="HorizontalLayoutUI3">
                    <Label name="lblname" text="名字" pos="0,0,40,0" width="40" textcolor="#00800000" disabledtextcolor="#FFA7A6AA" />
                    <Label name="name" text="012345" textcolor="#FF000000" disabledtextcolor="#FFA7A6AA" />
                </HorizontalLayout>
                <HorizontalLayout name="HorizontalLayoutUI4">
                    <Label name="lbldisk" text="盘符" pos="0,0,40,0" width="40" textcolor="#00800000" disabledtextcolor="#FFA7A6AA" />
                    <Label name="disk" text="012345" textcolor="#FF000000" disabledtextcolor="#FFA7A6AA" />
                </HorizontalLayout>
                <HorizontalLayout name="HorizontalLayoutUI5">
                    <Label name="lblprocess" text="进度" pos="0,0,40,0" width="40" textcolor="#00800000" disabledtextcolor="#FFA7A6AA" />
                    <Progress name="process" pos="0,0,0,12" height="12" textcolor="#FF000000" disabledtextcolor="#FFA7A6AA" fgimage="process.png" min="0" max="100" value="20" hor="true" />
                </HorizontalLayout>
                <HorizontalLayout name="HorizontalLayoutUI5">
                  <Label name="lblspeed" text="速度" pos="0,0,40,0" width="40" textcolor="#00800000" disabledtextcolor="#FFA7A6AA" />
                  <Label name="speed" text="012345" textcolor="#FF000000" disabledtextcolor="#FFA7A6AA" />
                </HorizontalLayout>
                <HorizontalLayout name="HorizontalLayoutUI8">
                    <Label name="lblstatus" text="状态" pos="0,0,40,0" width="40" textcolor="#00800000" disabledtextcolor="#FFA7A6AA" />
                    <Label name="lblStatu" textcolor="#FF000000" disabledtextcolor="#FFA7A6AA" />
                </HorizontalLayout>
                <HorizontalLayout name="HorizontalLayoutUI6">
                    <Label name="lblFl" text="文件" pos="0,0,40,0" width="40" textcolor="#00800000" disabledtextcolor="#FFA7A6AA" />
                    <Label name="lblfile" textcolor="#FF000000" disabledtextcolor="#FFA7A6AA" />
                </HorizontalLayout>
                <HorizontalLayout name="HorizontalLayoutUI7">
                    <Label name="lblnone" pos="0,0,40,0" width="40" textcolor="#00800000" disabledtextcolor="#FFA7A6AA" />
                    <Button name="btnStop" text="停止传输" bkcolor="#FFA7A6AA" textcolor="#FF000000" disabledtextcolor="#FFA7A6AA" align="center" normalimage="file=&apos;button_nor.bmp&apos; corner=&apos;3,3,3,3&apos; mask=&apos;0xffffffff&apos;" hotimage="file=&apos;button_over.bmp&apos; corner=&apos;3,3,3,3&apos; " pushedimage="file=&apos;button_down.bmp&apos; corner=&apos;3,3,3,3&apos;" />
                </HorizontalLayout>
            </VerticalLayout>
        </HorizontalLayout>
    </Container>
</Window>
