<?xml version="1.0" encoding="utf-8" standalone="yes" ?>
<Window size="308,177" sizebox="4,4,6,6" caption="0,0,0,36" roundcorner="4,4">
    <Default name="VScrollBar" value="button1normalimage=&quot;file=&apos;scrollbar.bmp&apos; source=&apos;0,90,16,106&apos; mask=&apos;#FFFF00FF&apos;&quot; button1hotimage=&quot;file=&apos;scrollbar.bmp&apos; source=&apos;18,90,34,106&apos; mask=&apos;#FFFF00FF&apos;&quot; button1pushedimage=&quot;file=&apos;scrollbar.bmp&apos; source=&apos;36,90,52,106&apos; mask=&apos;#FFFF00FF&apos;&quot; button1disabledimage=&quot;file=&apos;scrollbar.bmp&apos; source=&apos;54,90,70,106&apos; mask=&apos;#FFFF00FF&apos;&quot; button2normalimage=&quot;file=&apos;scrollbar.bmp&apos; source=&apos;0,108,16,124&apos; mask=&apos;#FFFF00FF&apos;&quot; button2hotimage=&quot;file=&apos;scrollbar.bmp&apos; source=&apos;18,108,34,124&apos; mask=&apos;#FFFF00FF&apos;&quot; button2pushedimage=&quot;file=&apos;scrollbar.bmp&apos; source=&apos;36,108,52,124&apos; mask=&apos;#FFFF00FF&apos;&quot; button2disabledimage=&quot;file=&apos;scrollbar.bmp&apos; source=&apos;54,108,70,124&apos; mask=&apos;#FFFF00FF&apos;&quot; thumbnormalimage=&quot;file=&apos;scrollbar.bmp&apos; source=&apos;0,126,16,142&apos; corner=&apos;2,2,2,2&apos; mask=&apos;#FFFF00FF&apos;&quot; thumbhotimage=&quot;file=&apos;scrollbar.bmp&apos; source=&apos;18,126,34,142&apos; corner=&apos;2,2,2,2&apos; mask=&apos;#FFFF00FF&apos;&quot; thumbpushedimage=&quot;file=&apos;scrollbar.bmp&apos; source=&apos;36,126,52,142&apos; corner=&apos;2,2,2,2&apos; mask=&apos;#FFFF00FF&apos;&quot; thumbdisabledimage=&quot;file=&apos;scrollbar.bmp&apos; source=&apos;54,126,70,142&apos; corner=&apos;2,2,2,2&apos; mask=&apos;#FFFF00FF&apos;&quot; railnormalimage=&quot;file=&apos;scrollbar.bmp&apos; source=&apos;0,144,16,160&apos; corner=&apos;2,2,2,2&apos; mask=&apos;#FFFF00FF&apos;&quot; railhotimage=&quot;file=&apos;scrollbar.bmp&apos; source=&apos;18,144,34,160&apos; corner=&apos;2,2,2,2&apos; mask=&apos;#FFFF00FF&apos;&quot; railpushedimage=&quot;file=&apos;scrollbar.bmp&apos; source=&apos;36,144,52,160&apos; corner=&apos;2,2,2,2&apos; mask=&apos;#FFFF00FF&apos;&quot; raildisabledimage=&quot;file=&apos;scrollbar.bmp&apos; source=&apos;54,144,70,160&apos; corner=&apos;2,2,2,2&apos; mask=&apos;#FFFF00FF&apos;&quot; bknormalimage=&quot;file=&apos;scrollbar.bmp&apos; source=&apos;0,162,16,178&apos; corner=&apos;2,2,2,2&apos; mask=&apos;#FFFF00FF&apos;&quot; bkhotimage=&quot;file=&apos;scrollbar.bmp&apos; source=&apos;18,162,34,178&apos; corner=&apos;2,2,2,2&apos; mask=&apos;#FFFF00FF&apos;&quot; bkpushedimage=&quot;file=&apos;scrollbar.bmp&apos; source=&apos;36,162,52,178&apos; corner=&apos;2,2,2,2&apos; mask=&apos;#FFFF00FF&apos;&quot; bkdisabledimage=&quot;file=&apos;scrollbar.bmp&apos; source=&apos;54,162,70,178&apos; corner=&apos;2,2,2,2&apos; mask=&apos;#FFFF00FF&apos;&quot; " />
    <VerticalLayout name="VerticalLayoutUI1" pos="0,0,308,174" width="308" height="174" bkimage="file=&apos;winbk.bmp&apos; corner=&apos;4,48,4,4&apos; mask=&apos;#FFFF00FF&apos;">
        <HorizontalLayout name="HorizontalLayoutUI1" pos="0,0,0,32" height="32" inset="2,2,2,0">
            <Label name="lblTitle" text="消息提示" pos="0,0,80,0" width="80" padding="10,0,0,0" textcolor="#FF000000" disabledtextcolor="#FFA7A6AA" />
            <Control name="ControlUI1" />
            <Button name="closebtn" tooltip="点击这里关闭窗口" pos="0,0,42,0" width="42" maxheight="18" textcolor="#FF000000" disabledtextcolor="#FFA7A6AA" align="center" normalimage="file=&apos;frame_btn_close_normal.bmp&apos; mask=&apos;#FFFF00FF&apos;" />
        </HorizontalLayout>
        <Container name="ContainerUI1" pos="0,32,303,171" width="303" height="139" padding="1,1,1,1" bkcolor="#FFFFFFFF">
            <Text name="lblMsg" float="true" pos="91,33,297,91" textpadding="2,0,2,0" align="wrap" />
            <Button name="cancleBtn" text="取消" float="true" pos="80,106,140,126" textcolor="#FF000000" disabledtextcolor="#FFA7A6AA" align="center" normalimage="button_nor.bmp" hotimage="button_over.bmp" pushedimage="button_down.bmp" />
            <Button name="okBtn" text="确认" float="true" pos="188,106,248,126" textcolor="#FF000000" disabledtextcolor="#FFA7A6AA" align="center" normalimage="button_nor.bmp" hotimage="button_over.bmp" pushedimage="button_down.bmp" />
            <Button name="img" float="true" pos="10,15,87,113" bkimage="info1.png" textcolor="#FF000000" disabledtextcolor="#FFA7A6AA" align="center" />
        </Container>
    </VerticalLayout>
</Window>
