<?xml version="1.0" encoding="utf-8" standalone="yes" ?>
<Window size="394,228" sizebox="4,4,6,6" caption="0,0,0,36" roundcorner="4,4">
    <Font name="SimSun" size="12" bold="false" italic="false" default="true" />
    <Default name="VScrollBar" value="button1normalimage=&quot;file=&apos;scrollbar.bmp&apos; source=&apos;0,90,16,106&apos; mask=&apos;#FFFF00FF&apos;&quot; button1hotimage=&quot;file=&apos;scrollbar.bmp&apos; source=&apos;18,90,34,106&apos; mask=&apos;#FFFF00FF&apos;&quot; button1pushedimage=&quot;file=&apos;scrollbar.bmp&apos; source=&apos;36,90,52,106&apos; mask=&apos;#FFFF00FF&apos;&quot; button1disabledimage=&quot;file=&apos;scrollbar.bmp&apos; source=&apos;54,90,70,106&apos; mask=&apos;#FFFF00FF&apos;&quot; button2normalimage=&quot;file=&apos;scrollbar.bmp&apos; source=&apos;0,108,16,124&apos; mask=&apos;#FFFF00FF&apos;&quot; button2hotimage=&quot;file=&apos;scrollbar.bmp&apos; source=&apos;18,108,34,124&apos; mask=&apos;#FFFF00FF&apos;&quot; button2pushedimage=&quot;file=&apos;scrollbar.bmp&apos; source=&apos;36,108,52,124&apos; mask=&apos;#FFFF00FF&apos;&quot; button2disabledimage=&quot;file=&apos;scrollbar.bmp&apos; source=&apos;54,108,70,124&apos; mask=&apos;#FFFF00FF&apos;&quot; thumbnormalimage=&quot;file=&apos;scrollbar.bmp&apos; source=&apos;0,126,16,142&apos; corner=&apos;2,2,2,2&apos; mask=&apos;#FFFF00FF&apos;&quot; thumbhotimage=&quot;file=&apos;scrollbar.bmp&apos; source=&apos;18,126,34,142&apos; corner=&apos;2,2,2,2&apos; mask=&apos;#FFFF00FF&apos;&quot; thumbpushedimage=&quot;file=&apos;scrollbar.bmp&apos; source=&apos;36,126,52,142&apos; corner=&apos;2,2,2,2&apos; mask=&apos;#FFFF00FF&apos;&quot; thumbdisabledimage=&quot;file=&apos;scrollbar.bmp&apos; source=&apos;54,126,70,142&apos; corner=&apos;2,2,2,2&apos; mask=&apos;#FFFF00FF&apos;&quot; railnormalimage=&quot;file=&apos;scrollbar.bmp&apos; source=&apos;0,144,16,160&apos; corner=&apos;2,2,2,2&apos; mask=&apos;#FFFF00FF&apos;&quot; railhotimage=&quot;file=&apos;scrollbar.bmp&apos; source=&apos;18,144,34,160&apos; corner=&apos;2,2,2,2&apos; mask=&apos;#FFFF00FF&apos;&quot; railpushedimage=&quot;file=&apos;scrollbar.bmp&apos; source=&apos;36,144,52,160&apos; corner=&apos;2,2,2,2&apos; mask=&apos;#FFFF00FF&apos;&quot; raildisabledimage=&quot;file=&apos;scrollbar.bmp&apos; source=&apos;54,144,70,160&apos; corner=&apos;2,2,2,2&apos; mask=&apos;#FFFF00FF&apos;&quot; bknormalimage=&quot;file=&apos;scrollbar.bmp&apos; source=&apos;0,162,16,178&apos; corner=&apos;2,2,2,2&apos; mask=&apos;#FFFF00FF&apos;&quot; bkhotimage=&quot;file=&apos;scrollbar.bmp&apos; source=&apos;18,162,34,178&apos; corner=&apos;2,2,2,2&apos; mask=&apos;#FFFF00FF&apos;&quot; bkpushedimage=&quot;file=&apos;scrollbar.bmp&apos; source=&apos;36,162,52,178&apos; corner=&apos;2,2,2,2&apos; mask=&apos;#FFFF00FF&apos;&quot; bkdisabledimage=&quot;file=&apos;scrollbar.bmp&apos; source=&apos;54,162,70,178&apos; corner=&apos;2,2,2,2&apos; mask=&apos;#FFFF00FF&apos;&quot; " />
    <VerticalLayout name="VerticalLayoutUI1" padding="1,1,1,1" bkimage="file=&apos;winbk.bmp&apos; corner=&apos;4,48,4,4&apos; mask=&apos;#FFFF00FF&apos;">
        <HorizontalLayout name="HorizontalLayoutUI1" pos="0,0,0,32" height="32" inset="2,2,2,0">
            <Label name="LabelUI1" text="注册" pos="0,0,80,0" width="80" padding="10,0,0,0" textcolor="#FF000000" disabledtextcolor="#FFA7A6AA" />
            <Control name="ControlUI1" />
            <Button name="closebtn" tooltip="点击这里直接退出游戏" pos="0,0,42,0" width="42" maxheight="18" textcolor="#FF000000" disabledtextcolor="#FFA7A6AA" align="center" normalimage="file=&apos;frame_btn_close_normal.bmp&apos; mask=&apos;#FFFF00FF&apos;" />
        </HorizontalLayout>
        <Container name="ContainerUI1" pos="1,33,391,223" width="390" height="190" padding="1,1,1,1" bkcolor="#FFFFFFFF">
            <Button name="cancelBtn" text="取消" tooltip="Use English Language" float="true" pos="68,162,128,182" textcolor="#FF000000" disabledtextcolor="#FFA7A6AA" align="center" normalimage="button_nor.bmp" hotimage="button_over.bmp" pushedimage="button_down.bmp" />
            <Button name="regBtn" text="注册" tooltip="点击这里登录游戏" float="true" pos="249,162,309,182" textcolor="#FF000000" disabledtextcolor="#FFA7A6AA" align="center" normalimage="button_nor.bmp" hotimage="button_over.bmp" pushedimage="button_down.bmp" />
            <RichEdit name="regCodeTxt" tooltip="请在这里输入您的注册码" float="true" pos="7,79,384,148" bkcolor="#FFFFFFFF" bordercolor="#FF4EA0D1" textpadding="4,3,4,3" textcolor="#FF000000" disabledtextcolor="#FFA7A6AA" />
            <Label name="LabelUI2" text="请在以下文本框中输入合法的注册码信息" float="true" pos="10,11,377,73" bkimage="chatmsgbk.png" textcolor="#00FF0000" disabledtextcolor="#FFA7A6AA" font="3" align="center" />
        </Container>
    </VerticalLayout>
</Window>
